[
    {
    "title": "Planeta dos Macacos",
    "image": "macaco.jpg",
    "text": [
    "Você tem talento para contar histórias através da lente da câmera? Então o Desafio de Criação Cinematográfica é para você"
    ]
    },
    {
    "title": "Planeta dos Macacos",
    "image": "macaco.jpg",
    "text": ["Você tem talento para contar histórias através da lente da câmera? Então o Desafio de Criação Cinematográfica é para você"
    ]
    },
    {
    "title": "Desafio de criação cinematográfica",
    "image":"macaco.jpg",
    "text": [
    "Você tem talento para contar histórias através da lente da câmera? Então o Desafio de Criação Cinematográfica é para você"
    ]
    },
    {
        "title": "Planeta dos Macacos",
        "image": "macaco.jpg",
        "text": [
        "Você tem talento para contar histórias através da lente da câmera? Então o Desafio de Criação Cinematográfica é para você"
        ]
        },
        {
        "title": "Planeta dos Macacos",
        "image": "macaco.jpg",
        "text": [
        "Você tem talento para contar histórias através da lente da câmera? Então o Desafio de Criação Cinematográfica é para você"
        ]
        },
        {
        "title": "Planeta dos Macacos",
        "image":"macaco.jpg",
        "text": [
        "Você tem talento para contar histórias através da lente da câmera? Então o Desafio de Criação Cinematográfica é para você!"
        ],
        "tags": ["cinema", "desafio", "criação"]
        }
    ]
    
    
    
    
    
    